{"cameraMode":{"drawMode":0,"name":"Shaded","section":"Shading Mode"},"sceneLighting":true,"audioPlay":false,"sceneViewState":{"showFog":true,"showMaterialUpdate":false,"showSkybox":true,"showFlares":true,"showImageEffects":true,"showParticleSystems":true},"in2DMode":false,"pivot":{"x":0.5642868876457214,"y":3.32165789604187,"z":1.5904136896133423},"rotation":{"x":-0.16333681344985963,"y":-0.7822851538658142,"z":0.23004291951656342,"w":-0.5554652214050293},"size":8.929136276245118,"orthographic":false}